{
    "total_time": 16688.46502685547,
    "training_time": 15431.461077928543,
    "test_evaluation_time": 354.8734631538391,
    "test_mean_simulation_time": 1.7743673157691955,
    "test_ood_evaluation_time": 889.6448318958282,
    "test_ood_mean_simulation_time": 1.7936387739835247,
    "fc_metrics_test": {
        "test": {
            "ML": {
                "MSE": {
                    "x-velocity": 207.96755433396606,
                    "y-velocity": 186.53233606118994,
                    "pressure": 2669858.5291076917,
                    "turbulent_viscosity": 9.256680855074657e-06
                },
                "MSE_surfacic": {
                    "pressure": 9.256680855074657e-06
                },
                "MAPE": {
                    "x-velocity": 10932216160829.268,
                    "y-velocity": 17444310811824.947,
                    "pressure": 12.699016403361831,
                    "turbulent_viscosity": 12762080221.625202
                },
                "MAPE_surfacic": {
                    "pressure": 12762080221.625202
                }
            },
            "Physics": {
                "spearman_correlation_drag": 0.3554657367469725,
                "spearman_correlation_lift": 0.8314976860183585,
                "mean_relative_drag": 16.48312123064112,
                "std_relative_drag": 7.957819844122375,
                "mean_relative_lift": 1.4854019966155305,
                "std_relative_lift": 5.0871296234460015
            },
            "IndRed": {}
        }
    },
    "fc_metrics_test_ood": {
        "test_ood": {
            "ML": {
                "MSE": {
                    "x-velocity": 207.96755433396606,
                    "y-velocity": 186.53233606118994,
                    "pressure": 2669858.5291076917,
                    "turbulent_viscosity": 9.256680855074657e-06
                },
                "MSE_surfacic": {
                    "pressure": 9.256680855074657e-06
                },
                "MAPE": {
                    "x-velocity": 10932216160829.268,
                    "y-velocity": 17444310811824.947,
                    "pressure": 12.699016403361831,
                    "turbulent_viscosity": 12762080221.625202
                },
                "MAPE_surfacic": {
                    "pressure": 12762080221.625202
                }
            },
            "Physics": {
                "spearman_correlation_drag": 0.3554657367469725,
                "spearman_correlation_lift": 0.8314976860183585,
                "mean_relative_drag": 16.48312123064112,
                "std_relative_drag": 7.957819844122375,
                "mean_relative_lift": 1.4854019966155305,
                "std_relative_lift": 5.0871296234460015
            },
            "IndRed": {}
        }
    }
}