{
    "total_time": 12037.98766374588,
    "training_time": 10562.613694429398,
    "test_evaluation_time": 350.479371547699,
    "test_mean_simulation_time": 1.752396857738495,
    "test_ood_evaluation_time": 872.969244480133,
    "test_ood_mean_simulation_time": 1.7600186380647844,
    "fc_metrics_test": {
        "test": {
            "ML": {
                "MSE": {
                    "x-velocity": 196.91408654230608,
                    "y-velocity": 167.4014840928862,
                    "pressure": 2462240.3760243356,
                    "turbulent_viscosity": 1.8533636487773508e-05
                },
                "MSE_surfacic": {
                    "pressure": 1.8533636487773508e-05
                },
                "MAPE": {
                    "x-velocity": 6964010609985.46,
                    "y-velocity": 8290691672400.211,
                    "pressure": 14.355652137263055,
                    "turbulent_viscosity": 9793316943.4509
                },
                "MAPE_surfacic": {
                    "pressure": 9793316943.4509
                }
            },
            "Physics": {
                "spearman_correlation_drag": 0.5466587403207122,
                "spearman_correlation_lift": 0.9855448428596998,
                "mean_relative_drag": 9.067546222072682,
                "std_relative_drag": 3.939428614343188,
                "mean_relative_lift": 0.49325332769700947,
                "std_relative_lift": 1.1835509513145295
            },
            "IndRed": {}
        }
    },
    "fc_metrics_test_ood": {
        "test_ood": {
            "ML": {
                "MSE": {
                    "x-velocity": 196.91408654230608,
                    "y-velocity": 167.4014840928862,
                    "pressure": 2462240.3760243356,
                    "turbulent_viscosity": 1.8533636487773508e-05
                },
                "MSE_surfacic": {
                    "pressure": 1.8533636487773508e-05
                },
                "MAPE": {
                    "x-velocity": 6964010609985.46,
                    "y-velocity": 8290691672400.211,
                    "pressure": 14.355652137263055,
                    "turbulent_viscosity": 9793316943.4509
                },
                "MAPE_surfacic": {
                    "pressure": 9793316943.4509
                }
            },
            "Physics": {
                "spearman_correlation_drag": 0.5466587403207122,
                "spearman_correlation_lift": 0.9855448428596998,
                "mean_relative_drag": 9.067546222072682,
                "std_relative_drag": 3.939428614343188,
                "mean_relative_lift": 0.49325332769700947,
                "std_relative_lift": 1.1835509513145295
            },
            "IndRed": {}
        }
    }
}