{
    "total_time": 21103.67345905304,
    "training_time": 19586.759980916977,
    "test_evaluation_time": 463.86378812789917,
    "test_mean_simulation_time": 2.319318940639496,
    "test_ood_evaluation_time": 1041.5776853561401,
    "test_ood_mean_simulation_time": 2.0999550107986695,
    "fc_metrics_test": {
        "test": {
            "ML": {
                "MSE": {
                    "x-velocity": 158.56076062200182,
                    "y-velocity": 157.62266140994655,
                    "pressure": 1774915.0155557122,
                    "turbulent_viscosity": 8.880922195746617e-06
                },
                "MSE_surfacic": {
                    "pressure": 8.880922195746617e-06
                },
                "MAPE": {
                    "x-velocity": 6410718222441.801,
                    "y-velocity": 3821826631555.45,
                    "pressure": 9.091230528096043,
                    "turbulent_viscosity": 10783081585.252966
                },
                "MAPE_surfacic": {
                    "pressure": 10783081585.252966
                }
            },
            "Physics": {
                "spearman_correlation_drag": 0.6105116525152872,
                "spearman_correlation_lift": 0.9484455117803595,
                "mean_relative_drag": 10.91449852721,
                "std_relative_drag": 4.712105312000197,
                "mean_relative_lift": 0.5383351666700429,
                "std_relative_lift": 1.2498509296402733
            },
            "IndRed": {}
        }
    },
    "fc_metrics_test_ood": {
        "test_ood": {
            "ML": {
                "MSE": {
                    "x-velocity": 158.56076062200182,
                    "y-velocity": 157.62266140994655,
                    "pressure": 1774915.0155557122,
                    "turbulent_viscosity": 8.880922195746617e-06
                },
                "MSE_surfacic": {
                    "pressure": 8.880922195746617e-06
                },
                "MAPE": {
                    "x-velocity": 6410718222441.801,
                    "y-velocity": 3821826631555.45,
                    "pressure": 9.091230528096043,
                    "turbulent_viscosity": 10783081585.252966
                },
                "MAPE_surfacic": {
                    "pressure": 10783081585.252966
                }
            },
            "Physics": {
                "spearman_correlation_drag": 0.6105116525152872,
                "spearman_correlation_lift": 0.9484455117803595,
                "mean_relative_drag": 10.91449852721,
                "std_relative_drag": 4.712105312000197,
                "mean_relative_lift": 0.5383351666700429,
                "std_relative_lift": 1.2498509296402733
            },
            "IndRed": {}
        }
    }
}