{
    "total_time": 11782.071878671646,
    "training_time": 10557.34148979187,
    "test_evaluation_time": 347.935827255249,
    "test_mean_simulation_time": 1.7396791362762452,
    "test_ood_evaluation_time": 868.6006419658661,
    "test_ood_mean_simulation_time": 1.7512109717053752,
    "fc_metrics_test": {
        "test": {
            "ML": {
                "MSE": {
                    "x-velocity": 156.48262119170786,
                    "y-velocity": 148.12364018235687,
                    "pressure": 2224505.531673533,
                    "turbulent_viscosity": 8.866550512371349e-06
                },
                "MSE_surfacic": {
                    "pressure": 8.866550512371349e-06
                },
                "MAPE": {
                    "x-velocity": 4942936503731.209,
                    "y-velocity": 3240135337970.355,
                    "pressure": 11.456360126746217,
                    "turbulent_viscosity": 9992757132.869934
                },
                "MAPE_surfacic": {
                    "pressure": 9992757132.869934
                }
            },
            "Physics": {
                "spearman_correlation_drag": 0.5575090818616488,
                "spearman_correlation_lift": 0.9859376198540216,
                "mean_relative_drag": 9.686106611958701,
                "std_relative_drag": 4.106028191578428,
                "mean_relative_lift": 0.40802257612864307,
                "std_relative_lift": 1.1658188981090039
            },
            "IndRed": {}
        }
    },
    "fc_metrics_test_ood": {
        "test_ood": {
            "ML": {
                "MSE": {
                    "x-velocity": 156.48262119170786,
                    "y-velocity": 148.12364018235687,
                    "pressure": 2224505.531673533,
                    "turbulent_viscosity": 8.866550512371349e-06
                },
                "MSE_surfacic": {
                    "pressure": 8.866550512371349e-06
                },
                "MAPE": {
                    "x-velocity": 4942936503731.209,
                    "y-velocity": 3240135337970.355,
                    "pressure": 11.456360126746217,
                    "turbulent_viscosity": 9992757132.869934
                },
                "MAPE_surfacic": {
                    "pressure": 9992757132.869934
                }
            },
            "Physics": {
                "spearman_correlation_drag": 0.5575090818616488,
                "spearman_correlation_lift": 0.9859376198540216,
                "mean_relative_drag": 9.686106611958701,
                "std_relative_drag": 4.106028191578428,
                "mean_relative_lift": 0.40802257612864307,
                "std_relative_lift": 1.1658188981090039
            },
            "IndRed": {}
        }
    }
}