{
    "total_time": 22974.525835752487,
    "training_time": 21363.347343444824,
    "test_evaluation_time": 468.4346477985382,
    "test_mean_simulation_time": 2.3421732389926913,
    "test_ood_evaluation_time": 1131.280309677124,
    "test_ood_mean_simulation_time": 2.2808070759619437,
    "fc_metrics_test": {
        "test": {
            "ML": {
                "MSE": {
                    "x-velocity": 168.02365243273093,
                    "y-velocity": 153.75392620382232,
                    "pressure": 2376763.041471257,
                    "turbulent_viscosity": 9.91475922348229e-06
                },
                "MSE_surfacic": {
                    "pressure": 9.91475922348229e-06
                },
                "MAPE": {
                    "x-velocity": 9767186773068.646,
                    "y-velocity": 6688226566480.372,
                    "pressure": 11.303676296388382,
                    "turbulent_viscosity": 12404225964.755142
                },
                "MAPE_surfacic": {
                    "pressure": 12404225964.755142
                }
            },
            "Physics": {
                "spearman_correlation_drag": 0.2742698615938053,
                "spearman_correlation_lift": 0.9398261514345112,
                "mean_relative_drag": 9.701666744356848,
                "std_relative_drag": 5.3414468716579036,
                "mean_relative_lift": 0.5452572478871227,
                "std_relative_lift": 1.4537206747056477
            },
            "IndRed": {}
        }
    },
    "fc_metrics_test_ood": {
        "test_ood": {
            "ML": {
                "MSE": {
                    "x-velocity": 168.02365243273093,
                    "y-velocity": 153.75392620382232,
                    "pressure": 2376763.041471257,
                    "turbulent_viscosity": 9.91475922348229e-06
                },
                "MSE_surfacic": {
                    "pressure": 9.91475922348229e-06
                },
                "MAPE": {
                    "x-velocity": 9767186773068.646,
                    "y-velocity": 6688226566480.372,
                    "pressure": 11.303676296388382,
                    "turbulent_viscosity": 12404225964.755142
                },
                "MAPE_surfacic": {
                    "pressure": 12404225964.755142
                }
            },
            "Physics": {
                "spearman_correlation_drag": 0.2742698615938053,
                "spearman_correlation_lift": 0.9398261514345112,
                "mean_relative_drag": 9.701666744356848,
                "std_relative_drag": 5.3414468716579036,
                "mean_relative_lift": 0.5452572478871227,
                "std_relative_lift": 1.4537206747056477
            },
            "IndRed": {}
        }
    }
}